acquisition_channel,users_count,paying_users_count,paid_orders_count,revenue,revenue_per_paying_user,user_to_buyer_conversion
referral,114,64,98,51970.96,812.04625,0.5614035087719298
social,111,64,100,51335.17,802.11203125,0.5765765765765766
email,93,58,82,45207.53,779.4401724137931,0.6236559139784946
ads,100,57,80,40015.16,702.0203508771931,0.57
organic,82,47,65,32553.58,692.6293617021277,0.573170731707317
