device_type,sessions_count,paid_orders_count,revenue,session_to_order_conversion
desktop,843,178,97783.89,0.2111506524317912
tablet,712,141,76518.75,0.19803370786516855
mobile,670,102,52350.45,0.15223880597014924
