metric,value
Пользователи,500.0
Сессии,2225.0
Оплаченные заказы,425.0
Выручка,221082.40000000002
Средний чек,520.1938823529413
Конверсия сессии в заказ,0.19101123595505617
