acquisition_channel,users_count,paying_users_count,repeat_buyers_count,repeat_purchase_rate,total_revenue,avg_ltv_per_user,avg_ltv_per_paying_user,average_orders_per_paying_user,marketing_spend,cac,ltv_cac_ratio,payback_ratio
organic,82,47,14,0.2978723404255319,32553.579999999998,396.9948780487805,692.6293617021277,1.3829787234042554,4500,95.74468085106383,7.234128888888889,7.234128888888889
email,93,58,21,0.3620689655172414,45207.530000000006,486.10247311827965,779.4401724137932,1.4137931034482758,8500,146.55172413793105,5.318532941176471,5.318532941176471
referral,114,64,23,0.359375,51970.95999999999,455.88561403508766,812.0462499999999,1.53125,11000,171.875,4.724632727272726,4.724632727272726
social,111,64,23,0.359375,51335.170000000006,462.4790090090091,802.1120312500001,1.5625,17000,265.625,3.0197158823529415,3.0197158823529415
ads,100,57,19,0.3333333333333333,40015.159999999996,400.1516,702.0203508771929,1.4035087719298245,24500,429.82456140350877,1.6332718367346937,1.6332718367346937
