acquisition_channel,users_count,paying_users_count,paid_orders_count,revenue,revenue_per_paying_user,user_to_buyer_conversion,marketing_spend,cost_per_user,cac,revenue_per_user,profit_after_marketing,romi,payback_ratio
organic,82,47,65,32553.58,692.6293617021277,0.573170731707317,4500,54.8780487804878,95.74468085106383,396.9948780487805,28053.58,6.23412888888889,7.23412888888889
email,93,58,82,45207.53,779.4401724137931,0.6236559139784946,8500,91.39784946236558,146.55172413793105,486.10247311827953,36707.53,4.31853294117647,5.31853294117647
referral,114,64,98,51970.96,812.04625,0.5614035087719298,11000,96.49122807017544,171.875,455.8856140350877,40970.96,3.724632727272727,4.724632727272727
social,111,64,100,51335.17,802.11203125,0.5765765765765766,17000,153.15315315315314,265.625,462.479009009009,34335.17,2.019715882352941,3.019715882352941
ads,100,57,80,40015.16,702.0203508771931,0.57,24500,245.0,429.82456140350877,400.15160000000003,15515.160000000003,0.633271836734694,1.6332718367346941
