traffic_source,viewed_users,cart_users,purchase_users,view_to_cart_conversion,cart_to_purchase_conversion,view_to_purchase_conversion
telegram,255,117,82,0.4588235294117647,0.7008547008547008,0.3215686274509804
vk,269,117,71,0.4349442379182156,0.6068376068376068,0.26394052044609667
yandex,257,114,66,0.44357976653696496,0.5789473684210527,0.25680933852140075
direct,270,117,68,0.43333333333333335,0.5811965811965812,0.2518518518518518
email,244,101,58,0.4139344262295082,0.5742574257425742,0.23770491803278687
google,244,105,57,0.430327868852459,0.5428571428571428,0.2336065573770492
